,Unnamed: 0,Z,X,Y,Unnamed: 0.1
0,0,1574,-73.0145833333,7.33125,
1,1,1641,-73.0104166667,7.33541666667,
2,2,1585,-73.00625,7.33541666667,
3,3,1573,-73.0104166667,7.33125,
0,0,1574,-73.0145833333,7.33125,0.0
1,1,1641,-73.0104166667,7.33541666667,1.0
2,2,1585,-73.00625,7.33541666667,2.0
3,3,1573,-73.0104166667,7.33125,3.0
