,Unnamed: 0,Z,X,Y,Unnamed: 0.1
0,0,26,-74.31875,8.81875,
1,1,30,-74.3145833333,8.81875,
2,2,23,-74.31875,8.81458333333,
0,0,27,-74.33125,8.88125,
1,1,25,-74.33125,8.87708333333,
0,0,26,-74.31875,8.81875,0.0
1,1,30,-74.3145833333,8.81875,1.0
2,2,23,-74.31875,8.81458333333,2.0
3,0,27,-74.33125,8.88125,0.0
4,1,25,-74.33125,8.87708333333,1.0
